timestamp_EPOCHms,ublox_latitude,ublox_longitude
1582661532.17059,42.294612,-83.710452
1582661532.17059,42.294612,-83.710452
1582661532.17059,42.294612,-83.710452
1582661532.17059,42.294612,-83.710452
1582661532.17059,42.294612,-83.710452
1582661532.17059,42.294612,-83.710452
1582661532.17059,42.294612,-83.710452
1582661532.17059,42.294613,-83.710453
1582661532.17059,42.294613,-83.710453
1582661532.17059,42.294613,-83.710453
1582661532.17059,42.294613,-83.710453
1582661532.17059,42.294613,-83.710453
1582661532.17059,42.294613,-83.710453
1582661532.17059,42.294613,-83.710453
1582661532.17059,42.294613,-83.710453
1582661532.17059,42.294613,-83.710453
1582661532.17059,42.294613,-83.710453
1582661532.17059,42.294613,-83.710453
1582661532.17059,42.294613,-83.710453
1582661532.17059,42.294613,-83.710453
1582661532.17059,42.294613,-83.710453
1582661532.17059,42.294613,-83.710453
1582661532.17059,42.294610,-83.710450
1582661532.17059,42.294610,-83.710450
1582661532.17059,42.294610,-83.710450
1582661532.17059,42.294609,-83.710449
1582661532.17059,42.294609,-83.710449
1582661532.17059,42.294609,-83.710449
1582661532.17059,42.294609,-83.710449
1582661532.17059,42.294609,-83.710449
1582661532.17059,42.294609,-83.710449
1582661532.17059,42.294609,-83.710449
1582661532.17059,42.294610,-83.710446
1582661532.17059,42.294610,-83.710446
1582661532.17059,42.294610,-83.710445
1582661532.17059,42.294610,-83.710445
1582661532.17059,42.294610,-83.710445
1582661532.17059,42.294610,-83.710445
1582661532.17059,42.294610,-83.710445
1582661532.17059,42.294610,-83.710445
1582661532.17059,42.294610,-83.710445
1582661532.17059,42.294610,-83.710445
1582661532.17059,42.294612,-83.710439
1582661532.17059,42.294614,-83.710445
1582661532.17059,42.294620,-83.710450
1582661532.17059,42.294620,-83.710450
1582661532.17059,42.294622,-83.710454
1582661532.17059,42.294625,-83.710453
1582661532.17059,42.294625,-83.710453
1582661532.17059,42.294625,-83.710453
1582661532.17059,42.294625,-83.710448
1582661532.17059,42.294625,-83.710448
1582661532.17059,42.294625,-83.710448
1582661532.17059,42.294625,-83.710448
1582661532.17059,42.294625,-83.710448
1582661532.17059,42.294631,-83.710403
1582661532.17059,42.294631,-83.710403
1582661532.17059,42.294631,-83.710403
1582661532.17059,42.294631,-83.710403
1582661532.17059,42.294632,-83.710347
1582661532.17059,42.294632,-83.710347
1582661532.17059,42.294632,-83.710347
1582661532.17059,42.294632,-83.710347
1582661532.17059,42.294632,-83.710316
1582661532.17059,42.294632,-83.710316
1582661532.17059,42.294632,-83.710316
1582661532.17059,42.294632,-83.710316
1582661532.17059,42.294632,-83.710316
1582661532.17059,42.294632,-83.710316
1582661532.17059,42.294621,-83.710265
1582661532.17059,42.294621,-83.710265
1582661532.17059,42.294616,-83.710260
1582661532.17059,42.294616,-83.710260
1582661532.17059,42.294616,-83.710260
1582661532.17059,42.294616,-83.710260
1582661532.17059,42.294616,-83.710260
1582661532.17059,42.294616,-83.710260
1582661532.17059,42.294616,-83.710260
1582661532.17059,42.294579,-83.710214
1582661532.17059,42.294579,-83.710214
1582661532.17059,42.294579,-83.710214
1582661532.17059,42.294579,-83.710214
1582661532.17059,42.294542,-83.710200
1582661532.17059,42.294542,-83.710200
1582661532.17059,42.294542,-83.710200
1582661532.17059,42.294542,-83.710200
1582661532.17059,42.294496,-83.710194
1582661532.17059,42.294480,-83.710191
1582661532.17059,42.294480,-83.710191
1582661532.17059,42.294480,-83.710191
1582661532.17059,42.294480,-83.710191
1582661532.17059,42.294480,-83.710191
1582661532.17059,42.294431,-83.710190
1582661532.17059,42.294420,-83.710189
1582661532.17059,42.294420,-83.710189
1582661532.17059,42.294420,-83.710189
1582661532.17059,42.294381,-83.710186
1582661532.17059,42.294381,-83.710186
1582661532.17059,42.294370,-83.710187
1582661532.17059,42.294351,-83.710186
1582661532.17059,42.294341,-83.710189
1582661532.17059,42.294331,-83.710189
1582661532.17059,42.294331,-83.710189
1582661532.17059,42.294331,-83.710189
1582661532.17059,42.294331,-83.710189
1582661532.17059,42.294331,-83.710189
1582661532.17059,42.294331,-83.710189
1582661532.17059,42.294331,-83.710189
1582661532.17059,42.294331,-83.710189
1582661532.17059,42.294237,-83.710189
1582661532.17059,42.294237,-83.710189
1582661532.17059,42.294237,-83.710189
1582661532.17059,42.294202,-83.710195
1582661532.17059,42.294202,-83.710195
1582661532.17059,42.294181,-83.710199
1582661532.17059,42.294150,-83.710198
1582661532.17059,42.294150,-83.710198
1582661532.17059,42.294139,-83.710199
1582661532.17059,42.294139,-83.710199
1582661532.17059,42.294115,-83.710195
1582661532.17059,42.294115,-83.710195
1582661532.17059,42.294067,-83.710200
1582661532.17059,42.294055,-83.710204
1582661532.17059,42.294046,-83.710212
1582661532.17059,42.294046,-83.710212
1582661532.17059,42.294046,-83.710212
1582661532.17059,42.294046,-83.710212
1582661532.17059,42.294036,-83.710289
1582661532.17059,42.294036,-83.710289
1582661532.17059,42.294036,-83.710316
1582661532.17059,42.294036,-83.710316
1582661532.17059,42.294033,-83.710345
1582661532.17059,42.294033,-83.710345
1582661532.17059,42.294033,-83.710345
1582661532.17059,42.294033,-83.710345
1582661532.17059,42.294033,-83.710345
1582661532.17059,42.294033,-83.710345
1582661532.17059,42.294031,-83.710426
1582661532.17059,42.294031,-83.710426
1582661532.17059,42.294031,-83.710426
1582661532.17059,42.294031,-83.710426
1582661532.17059,42.294030,-83.710488
1582661532.17059,42.294030,-83.710516
1582661532.17059,42.294030,-83.710516
1582661532.17059,42.294030,-83.710516
1582661532.17059,42.294028,-83.710581
1582661532.17059,42.294028,-83.710581
1582661532.17059,42.294028,-83.710581
1582661532.17059,42.294028,-83.710581
1582661532.17059,42.294028,-83.710657
1582661532.17059,42.294028,-83.710657
1582661532.17059,42.294028,-83.710657
1582661532.17059,42.294028,-83.710703
1582661532.17059,42.294028,-83.710703
1582661532.17059,42.294028,-83.710703
1582661532.17059,42.294027,-83.710736
1582661532.17059,42.294027,-83.710736
1582661532.17059,42.294027,-83.710736
1582661532.17059,42.294027,-83.710736
1582661532.17059,42.294027,-83.710813
1582661532.17059,42.294027,-83.710813
1582661532.17059,42.294027,-83.710842
1582661532.17059,42.294027,-83.710842
1582661532.17059,42.294027,-83.710842
1582661532.17059,42.294027,-83.710842
1582661532.17059,42.294027,-83.710842
1582661532.17059,42.294026,-83.710917
1582661532.17059,42.294026,-83.710917
1582661532.17059,42.294026,-83.710917
1582661532.17059,42.294026,-83.710917
1582661532.17059,42.294026,-83.710917
1582661532.17059,42.294025,-83.711017
1582661532.17059,42.294025,-83.711017
1582661532.17059,42.294025,-83.711050
1582661532.17059,42.294025,-83.711050
1582661532.17059,42.294025,-83.711050
1582661532.17059,42.294025,-83.711050
1582661532.17059,42.294025,-83.711050
1582661532.17059,42.294025,-83.711050
1582661532.17059,42.294027,-83.711145
1582661532.17059,42.294027,-83.711145
1582661532.17059,42.294027,-83.711145
1582661532.17059,42.294027,-83.711145
1582661532.17059,42.294027,-83.711145
1582661532.17059,42.294027,-83.711145
1582661532.17059,42.294027,-83.711145
1582661532.17059,42.294039,-83.711254
1582661532.17059,42.294039,-83.711254
1582661532.17059,42.294039,-83.711254
1582661532.17059,42.294039,-83.711254
1582661532.17059,42.294055,-83.711295
1582661532.17059,42.294061,-83.711322
1582661532.17059,42.294061,-83.711322
1582661532.17059,42.294061,-83.711322
1582661532.17059,42.294065,-83.711365
1582661532.17059,42.294065,-83.711365
1582661532.17059,42.294065,-83.711365
1582661532.17059,42.294072,-83.711400
1582661532.17059,42.294072,-83.711400
1582661532.17059,42.294072,-83.711400
1582661532.17059,42.294072,-83.711400
1582661532.17059,42.294075,-83.711468
1582661532.17059,42.294075,-83.711468
1582661532.17059,42.294075,-83.711468
1582661532.17059,42.294075,-83.711468
1582661532.17059,42.294072,-83.711542
1582661532.17059,42.294072,-83.711556
1582661532.17059,42.294072,-83.711573
1582661532.17059,42.294072,-83.711591
1582661532.17059,42.294071,-83.711610
1582661532.17059,42.294071,-83.711610
1582661532.17059,42.294075,-83.711653
1582661532.17059,42.294075,-83.711653
1582661532.17059,42.294075,-83.711666
1582661532.17059,42.294075,-83.711666
1582661532.17059,42.294075,-83.711666
1582661532.17059,42.294070,-83.711702
1582661532.17059,42.294070,-83.711702
1582661532.17059,42.294070,-83.711702
1582661532.17059,42.294070,-83.711702
1582661532.17059,42.294070,-83.711702
1582661532.17059,42.294070,-83.711702
1582661532.17059,42.294070,-83.711702
1582661532.17059,42.294064,-83.711822
1582661532.17059,42.294064,-83.711822
1582661532.17059,42.294064,-83.711822
1582661532.17059,42.294064,-83.711822
1582661532.17059,42.294055,-83.711895
1582661532.17059,42.294055,-83.711895
1582661532.17059,42.294055,-83.711895
1582661532.17059,42.294055,-83.711895
1582661532.17059,42.294046,-83.711951
1582661532.17059,42.294045,-83.711984
1582661532.17059,42.294046,-83.711999
1582661532.17059,42.294047,-83.712015
1582661532.17059,42.294044,-83.712046
1582661532.17059,42.294044,-83.712046
1582661532.17059,42.294044,-83.712046
1582661532.17059,42.294038,-83.712093
1582661532.17059,42.294037,-83.712112
1582661532.17059,42.294037,-83.712112
1582661532.17059,42.294035,-83.712128
1582661532.17059,42.294035,-83.712128
1582661532.17059,42.294035,-83.712157
1582661532.17059,42.294038,-83.712184
1582661532.17059,42.294038,-83.712184
1582661532.17059,42.294039,-83.712200
1582661532.17059,42.294039,-83.712215
1582661532.17059,42.294039,-83.712215
1582661532.17059,42.294039,-83.712249
1582661532.17059,42.294039,-83.712249
1582661532.17059,42.294039,-83.712277
1582661532.17059,42.294040,-83.712306
1582661532.17059,42.294040,-83.712306
1582661532.17059,42.294041,-83.712320
1582661532.17059,42.294041,-83.712320
1582661532.17059,42.294041,-83.712361
1582661532.17059,42.294041,-83.712361
1582661532.17059,42.294041,-83.712361
1582661532.17059,42.294041,-83.712400
1582661532.17059,42.294041,-83.712400
1582661532.17059,42.294041,-83.712400
1582661532.17059,42.294041,-83.712400
1582661532.17059,42.294041,-83.712400
1582661532.17059,42.294041,-83.712400
1582661532.17059,42.294041,-83.712400
1582661532.17059,42.294041,-83.712400
1582661532.17059,42.294041,-83.712400
1582661532.17059,42.294041,-83.712400
1582661532.17059,42.293961,-83.712532
1582661532.17059,42.293961,-83.712532
1582661532.17059,42.293934,-83.712561
1582661532.17059,42.293925,-83.712572
1582661532.17059,42.293925,-83.712572
1582661532.17059,42.293904,-83.712587
1582661532.17059,42.293904,-83.712587
1582661532.17059,42.293883,-83.712592
1582661532.17059,42.293883,-83.712592
1582661532.17059,42.293883,-83.712592
1582661532.17059,42.293848,-83.712589
1582661532.17059,42.293837,-83.712589
1582661532.17059,42.293826,-83.712590
1582661532.17059,42.293815,-83.712591
1582661532.17059,42.293815,-83.712591
1582661532.17059,42.293815,-83.712591
1582661532.17059,42.293815,-83.712591
1582661532.17059,42.293815,-83.712591
1582661532.17059,42.293748,-83.712591
1582661532.17059,42.293748,-83.712591
1582661532.17059,42.293727,-83.712598
1582661532.17059,42.293716,-83.712601
1582661532.17059,42.293706,-83.712604
1582661532.17059,42.293706,-83.712604
1582661532.17059,42.293685,-83.712607
1582661532.17059,42.293685,-83.712607
1582661532.17059,42.293663,-83.712613
1582661532.17059,42.293663,-83.712613
1582661532.17059,42.293663,-83.712613
1582661532.17059,42.293663,-83.712613
1582661532.17059,42.293663,-83.712613
1582661532.17059,42.293582,-83.712627
1582661532.17059,42.293582,-83.712627
1582661532.17059,42.293558,-83.712627
1582661532.17059,42.293558,-83.712627
1582661532.17059,42.293539,-83.712629
1582661532.17059,42.293539,-83.712629
1582661532.17059,42.293539,-83.712629
1582661532.17059,42.293539,-83.712629
1582661532.17059,42.293539,-83.712629
1582661532.17059,42.293539,-83.712629
1582661532.17059,42.293539,-83.712629
1582661532.17059,42.293469,-83.712656
1582661532.17059,42.293469,-83.712656
1582661532.17059,42.293430,-83.712669
1582661532.17059,42.293430,-83.712669
1582661532.17059,42.293430,-83.712669
1582661532.17059,42.293430,-83.712669
1582661532.17059,42.293430,-83.712669
1582661532.17059,42.293430,-83.712669
1582661532.17059,42.293430,-83.712669
1582661532.17059,42.293330,-83.712682
1582661532.17059,42.293330,-83.712682
1582661532.17059,42.293330,-83.712682
1582661532.17059,42.293330,-83.712682
1582661532.17059,42.293330,-83.712682
1582661532.17059,42.293330,-83.712682
1582661532.17059,42.293330,-83.712682
1582661532.17059,42.293330,-83.712682
1582661532.17059,42.293330,-83.712682
1582661532.17059,42.293239,-83.712705
1582661532.17059,42.293239,-83.712705
1582661532.17059,42.293239,-83.712705
1582661532.17059,42.293239,-83.712705
1582661532.17059,42.293239,-83.712705
1582661532.17059,42.293239,-83.712705
1582661532.17059,42.293239,-83.712705
1582661532.17059,42.293154,-83.712708
1582661532.17059,42.293154,-83.712708
1582661532.17059,42.293154,-83.712708
1582661532.17059,42.293154,-83.712708
1582661532.17059,42.293091,-83.712719
1582661532.17059,42.293080,-83.712722
1582661532.17059,42.293068,-83.712724
1582661532.17059,42.293055,-83.712726
1582661532.17059,42.293055,-83.712726
1582661532.17059,42.293033,-83.712731
1582661532.17059,42.293033,-83.712731
1582661532.17059,42.293033,-83.712731
1582661532.17059,42.293033,-83.712731
1582661532.17059,42.293033,-83.712731
1582661532.17059,42.293033,-83.712731
1582661532.17059,42.292952,-83.712747
1582661532.17059,42.292952,-83.712747
1582661532.17059,42.292952,-83.712747
1582661532.17059,42.292920,-83.712756
1582661532.17059,42.292920,-83.712756
1582661532.17059,42.292896,-83.712765
1582661532.17059,42.292873,-83.712769
1582661532.17059,42.292873,-83.712769
1582661532.17059,42.292849,-83.712767
1582661532.17059,42.292837,-83.712764
1582661532.17059,42.292826,-83.712763
1582661532.17059,42.292815,-83.712762
1582661532.17059,42.292803,-83.712760
1582661532.17059,42.292803,-83.712760
1582661532.17059,42.292768,-83.712764
1582661532.17059,42.292768,-83.712764
1582661532.17059,42.292756,-83.712768
1582661532.17059,42.292745,-83.712770
1582661532.17059,42.292734,-83.712775
1582661532.17059,42.292734,-83.712775
1582661532.17059,42.292701,-83.712785
1582661532.17059,42.292690,-83.712788
1582661532.17059,42.292690,-83.712788
1582661532.17059,42.292667,-83.712790
1582661532.17059,42.292656,-83.712791
1582661532.17059,42.292645,-83.712792
1582661532.17059,42.292635,-83.712793
1582661532.17059,42.292635,-83.712793
1582661532.17059,42.292601,-83.712795
1582661532.17059,42.292578,-83.712799
1582661532.17059,42.292578,-83.712799
1582661532.17059,42.292566,-83.712801
1582661532.17059,42.292566,-83.712801
1582661532.17059,42.292531,-83.712806
1582661532.17059,42.292531,-83.712806
1582661532.17059,42.292531,-83.712806
1582661532.17059,42.292483,-83.712806
1582661532.17059,42.292483,-83.712806
1582661532.17059,42.292483,-83.712806
1582661532.17059,42.292483,-83.712806
1582661532.17059,42.292483,-83.712806
1582661532.17059,42.292429,-83.712801
1582661532.17059,42.292429,-83.712801
1582661532.17059,42.292429,-83.712801
1582661532.17059,42.292429,-83.712801
1582661532.17059,42.292429,-83.712801
1582661532.17059,42.292429,-83.712801
1582661532.17059,42.292429,-83.712801
1582661532.17059,42.292332,-83.712799
1582661532.17059,42.292321,-83.712797
1582661532.17059,42.292321,-83.712797
1582661532.17059,42.292321,-83.712797
1582661532.17059,42.292292,-83.712794
1582661532.17059,42.292292,-83.712794
1582661532.17059,42.292261,-83.712803
1582661532.17059,42.292261,-83.712803
1582661532.17059,42.292250,-83.712809
1582661532.17059,42.292250,-83.712809
1582661532.17059,42.292250,-83.712809
1582661532.17059,42.292250,-83.712809
1582661532.17059,42.292196,-83.712857
1582661532.17059,42.292187,-83.712866
1582661532.17059,42.292187,-83.712866
1582661532.17059,42.292173,-83.712884
1582661532.17059,42.292173,-83.712884
1582661532.17059,42.292173,-83.712884
1582661532.17059,42.292155,-83.712919
1582661532.17059,42.292149,-83.712931
1582661532.17059,42.292136,-83.712953
1582661532.17059,42.292136,-83.712953
1582661532.17059,42.292136,-83.712953
1582661532.17059,42.292136,-83.712953
1582661532.17059,42.292097,-83.713014
1582661532.17059,42.292097,-83.713014
1582661532.17059,42.292097,-83.713014
1582661532.17059,42.292097,-83.713014
1582661532.17059,42.292097,-83.713014
1582661532.17059,42.292048,-83.713055
1582661532.17059,42.292048,-83.713055
1582661532.17059,42.292024,-83.713066
1582661532.17059,42.292024,-83.713066
1582661532.17059,42.292024,-83.713066
1582661532.17059,42.292024,-83.713066
1582661532.17059,42.292024,-83.713066
1582661532.17059,42.292024,-83.713066
1582661532.17059,42.292024,-83.713066
1582661532.17059,42.291946,-83.713086
1582661532.17059,42.291946,-83.713086
1582661532.17059,42.291913,-83.713098
1582661532.17059,42.291913,-83.713098
1582661532.17059,42.291892,-83.713106
1582661532.17059,42.291882,-83.713110
1582661532.17059,42.291870,-83.713113
1582661532.17059,42.291859,-83.713117
1582661532.17059,42.291848,-83.713121
1582661532.17059,42.291837,-83.713125
1582661532.17059,42.291827,-83.713129
1582661532.17059,42.291816,-83.713132
1582661532.17059,42.291795,-83.713133
1582661532.17059,42.291795,-83.713133
1582661532.17059,42.291773,-83.713133
1582661532.17059,42.291762,-83.713135
1582661532.17059,42.291762,-83.713135
1582661532.17059,42.291762,-83.713135
1582661532.17059,42.291762,-83.713135
1582661532.17059,42.291762,-83.713135
1582661532.17059,42.291721,-83.713131
1582661532.17059,42.291721,-83.713131
1582661532.17059,42.291700,-83.713141
1582661532.17059,42.291685,-83.713165
1582661532.17059,42.291679,-83.713180
1582661532.17059,42.291675,-83.713194
1582661532.17059,42.291670,-83.713207
1582661532.17059,42.291664,-83.713223
1582661532.17059,42.291654,-83.713246
1582661532.17059,42.291649,-83.713257
1582661532.17059,42.291649,-83.713257
1582661532.17059,42.291649,-83.713257
1582661532.17059,42.291639,-83.713283
1582661532.17059,42.291625,-83.713306
1582661532.17059,42.291625,-83.713306
1582661532.17059,42.291613,-83.713330
1582661532.17059,42.291605,-83.713341
1582661532.17059,42.291605,-83.713341
1582661532.17059,42.291586,-83.713357
1582661532.17059,42.291586,-83.713357
1582661532.17059,42.291566,-83.713370
1582661532.17059,42.291556,-83.713375
1582661532.17059,42.291546,-83.713379
1582661532.17059,42.291546,-83.713379
1582661532.17059,42.291546,-83.713379
1582661532.17059,42.291513,-83.713391
1582661532.17059,42.291513,-83.713391
1582661532.17059,42.291513,-83.713391
1582661532.17059,42.291480,-83.713397
1582661532.17059,42.291480,-83.713397
1582661532.17059,42.291480,-83.713397
1582661532.17059,42.291480,-83.713397
1582661532.17059,42.291480,-83.713397
1582661532.17059,42.291480,-83.713397
1582661532.17059,42.291480,-83.713397
1582661532.17059,42.291480,-83.713397
1582661532.17059,42.291480,-83.713397
1582661532.17059,42.291480,-83.713397
1582661532.17059,42.291480,-83.713397
1582661532.17059,42.291480,-83.713397
1582661532.17059,42.291362,-83.713394
1582661532.17059,42.291358,-83.713403
1582661532.17059,42.291358,-83.713403
1582661532.17059,42.291347,-83.713425
1582661532.17059,42.291347,-83.713425
1582661532.17059,42.291347,-83.713425
1582661532.17059,42.291347,-83.713425
1582661532.17059,42.291347,-83.713425
1582661532.17059,42.291323,-83.713489
1582661532.17059,42.291315,-83.713514
1582661532.17059,42.291310,-83.713525
1582661532.17059,42.291310,-83.713525
1582661532.17059,42.291307,-83.713551
1582661532.17059,42.291307,-83.713551
1582661532.17059,42.291307,-83.713551
1582661532.17059,42.291307,-83.713551
1582661532.17059,42.291307,-83.713551
1582661532.17059,42.291307,-83.713551
1582661532.17059,42.291307,-83.713551
1582661532.17059,42.291325,-83.713633
1582661532.17059,42.291325,-83.713633
1582661532.17059,42.291325,-83.713633
1582661532.17059,42.291325,-83.713633
1582661532.17059,42.291325,-83.713633
1582661532.17059,42.291325,-83.713633
1582661532.17059,42.291325,-83.713633
1582661532.17059,42.291325,-83.713633
1582661532.17059,42.291325,-83.713633
1582661532.17059,42.291325,-83.713633
1582661532.17059,42.291339,-83.713691
1582661532.17059,42.291339,-83.713691
1582661532.17059,42.291339,-83.713691
1582661532.17059,42.291339,-83.713691
1582661532.17059,42.291339,-83.713691
1582661532.17059,42.291339,-83.713691
1582661532.17059,42.291339,-83.713691
1582661532.17059,42.291330,-83.713717
1582661532.17059,42.291330,-83.713717
1582661532.17059,42.291330,-83.713717
1582661532.17059,42.291330,-83.713717
1582661532.17059,42.291340,-83.713730
1582661532.17059,42.291345,-83.713745
1582661532.17059,42.291345,-83.713745
1582661532.17059,42.291345,-83.713745
1582661532.17059,42.291345,-83.713745
1582661532.17059,42.291364,-83.713832
1582661532.17059,42.291364,-83.713832
1582661532.17059,42.291364,-83.713832
1582661532.17059,42.291364,-83.713832
1582661532.17059,42.291364,-83.713832
1582661532.17059,42.291357,-83.713923
1582661532.17059,42.291357,-83.713923
1582661532.17059,42.291357,-83.713923
1582661532.17059,42.291357,-83.713923
1582661532.17059,42.291353,-83.714011
1582661532.17059,42.291353,-83.714011
1582661532.17059,42.291353,-83.714011
1582661532.17059,42.291352,-83.714057
1582661532.17059,42.291356,-83.714071
1582661532.17059,42.291361,-83.714084
1582661532.17059,42.291368,-83.714093
1582661532.17059,42.291368,-83.714093
1582661532.17059,42.291396,-83.714115
1582661532.17059,42.291396,-83.714115
1582661532.17059,42.291396,-83.714115
1582661532.17059,42.291409,-83.714132
1582661532.17059,42.291409,-83.714132
1582661532.17059,42.291409,-83.714132
1582661532.17059,42.291409,-83.714132
1582661532.17059,42.291427,-83.714176
1582661532.17059,42.291427,-83.714176
1582661532.17059,42.291427,-83.714176
1582661532.17059,42.291427,-83.714176
1582661532.17059,42.291427,-83.714176
1582661532.17059,42.291448,-83.714237
1582661532.17059,42.291450,-83.714250
1582661532.17059,42.291450,-83.714250
1582661532.17059,42.291450,-83.714250
1582661532.17059,42.291450,-83.714250
1582661532.17059,42.291452,-83.714305
1582661532.17059,42.291452,-83.714305
1582661532.17059,42.291452,-83.714305
1582661532.17059,42.291452,-83.714305
1582661532.17059,42.291452,-83.714305
1582661532.17059,42.291452,-83.714305
1582661532.17059,42.291452,-83.714305
1582661532.17059,42.291512,-83.714379
1582661532.17059,42.291512,-83.714379
1582661532.17059,42.291544,-83.714385
1582661532.17059,42.291544,-83.714385
1582661532.17059,42.291544,-83.714385
1582661532.17059,42.291544,-83.714385
1582661532.17059,42.291544,-83.714385
1582661532.17059,42.291544,-83.714385
1582661532.17059,42.291544,-83.714385
1582661532.17059,42.291544,-83.714385
1582661532.17059,42.291544,-83.714385
1582661532.17059,42.291544,-83.714385
1582661532.17059,42.291544,-83.714385
1582661532.17059,42.291544,-83.714385
1582661532.17059,42.291544,-83.714385
1582661532.17059,42.291639,-83.714483
1582661532.17059,42.291640,-83.714489
1582661532.17059,42.291640,-83.714489
1582661532.17059,42.291640,-83.714489
1582661532.17059,42.291640,-83.714489
1582661532.17059,42.291640,-83.714489
1582661532.17059,42.291651,-83.714534
1582661532.17059,42.291651,-83.714534
1582661532.17059,42.291651,-83.714534
1582661532.17059,42.291651,-83.714534
1582661532.17059,42.291664,-83.714573
1582661532.17059,42.291664,-83.714573
1582661532.17059,42.291664,-83.714573
1582661532.17059,42.291664,-83.714573
1582661532.17059,42.291664,-83.714573
1582661532.17059,42.291664,-83.714573
1582661532.17059,42.291664,-83.714573
1582661532.17059,42.291664,-83.714573
1582661532.17059,42.291664,-83.714573
1582661532.17059,42.291664,-83.714573
1582661532.17059,42.291664,-83.714573
1582661532.17059,42.291664,-83.714573
1582661532.17059,42.291664,-83.714573
1582661532.17059,42.291664,-83.714573
1582661532.17059,42.291664,-83.714573
1582661532.17059,42.291664,-83.714573
1582661532.17059,42.291664,-83.714573
1582661532.17059,42.291664,-83.714573
1582661532.17059,42.291664,-83.714573
1582661532.17059,42.291664,-83.714573
1582661532.17059,42.291664,-83.714573
1582661532.17059,42.291664,-83.714573
1582661532.17059,42.291664,-83.714573
1582661532.17059,42.291664,-83.714573
1582661532.17059,42.291664,-83.714573
1582661532.17059,42.291664,-83.714573
1582661532.17059,42.291664,-83.714573
1582661532.17059,42.291664,-83.714573
1582661532.17059,42.291664,-83.714573
1582661532.17059,42.291664,-83.714573
1582661532.17059,42.291766,-83.714996
1582661532.17059,42.291766,-83.714996
1582661532.17059,42.291766,-83.714996
1582661532.17059,42.291781,-83.715052
1582661532.17059,42.291784,-83.715066
1582661532.17059,42.291784,-83.715066
1582661532.17059,42.291784,-83.715066
1582661532.17059,42.291784,-83.715066
1582661532.17059,42.291784,-83.715066
1582661532.17059,42.291797,-83.715149
1582661532.17059,42.291797,-83.715149
1582661532.17059,42.291797,-83.715149
1582661532.17059,42.291809,-83.715198
1582661532.17059,42.291809,-83.715198
1582661532.17059,42.291809,-83.715198
1582661532.17059,42.291809,-83.715198
1582661532.17059,42.291809,-83.715198
1582661532.17059,42.291809,-83.715198
1582661532.17059,42.291809,-83.715198
1582661532.17059,42.291809,-83.715198
1582661532.17059,42.291809,-83.715198
1582661532.17059,42.291809,-83.715198
1582661532.17059,42.291809,-83.715198
1582661532.17059,42.291809,-83.715198
1582661532.17059,42.291859,-83.715374
1582661532.17059,42.291859,-83.715374
1582661532.17059,42.291859,-83.715374
1582661532.17059,42.291859,-83.715374
1582661532.17059,42.291876,-83.715428
1582661532.17059,42.291876,-83.715428
1582661532.17059,42.291876,-83.715428
1582661532.17059,42.291876,-83.715428
1582661532.17059,42.291876,-83.715428
1582661532.17059,42.291876,-83.715428
1582661532.17059,42.291876,-83.715428
1582661532.17059,42.291876,-83.715428
1582661532.17059,42.291909,-83.715554
1582661532.17059,42.291909,-83.715554
1582661532.17059,42.291909,-83.715554
1582661532.17059,42.291920,-83.715598
1582661532.17059,42.291920,-83.715598
1582661532.17059,42.291920,-83.715598
1582661532.17059,42.291920,-83.715598
1582661532.17059,42.291930,-83.715674
1582661532.17059,42.291931,-83.715689
1582661532.17059,42.291935,-83.715704
1582661532.17059,42.291940,-83.715718
1582661532.17059,42.291946,-83.715731
1582661532.17059,42.291953,-83.715742
1582661532.17059,42.291953,-83.715742
1582661532.17059,42.291953,-83.715742
1582661532.17059,42.291953,-83.715742
1582661532.17059,42.291953,-83.715742
1582661532.17059,42.291953,-83.715742
1582661532.17059,42.291953,-83.715742
1582661532.17059,42.292021,-83.715634
1582661532.17059,42.292021,-83.715634
1582661532.17059,42.292021,-83.715634
1582661532.17059,42.292021,-83.715634
1582661532.17059,42.292021,-83.715634
1582661532.17059,42.292021,-83.715634
1582661532.17059,42.292021,-83.715634
1582661532.17059,42.292042,-83.715880
1582661532.17059,42.292042,-83.715880
1582661532.17059,42.292042,-83.715880
1582661532.17059,42.292042,-83.715880
1582661532.17059,42.292042,-83.715880
1582661532.17059,42.292042,-83.715880
1582661532.17059,42.292090,-83.715962
1582661532.17059,42.292099,-83.715975
1582661532.17059,42.292099,-83.715975
1582661532.17059,42.292099,-83.715975
1582661532.17059,42.292126,-83.716026
1582661532.17059,42.292126,-83.716026
1582661532.17059,42.292126,-83.716026
1582661532.17059,42.292146,-83.716080
1582661532.17059,42.292146,-83.716080
1582661532.17059,42.292146,-83.716080
1582661532.17059,42.292146,-83.716080
1582661532.17059,42.292146,-83.716080
1582661532.17059,42.292183,-83.716162
1582661532.17059,42.292183,-83.716162
1582661532.17059,42.292183,-83.716162
1582661532.17059,42.292183,-83.716162
1582661532.17059,42.292201,-83.716204
1582661532.17059,42.292206,-83.716217
1582661532.17059,42.292211,-83.716231
1582661532.17059,42.292216,-83.716244
1582661532.17059,42.292226,-83.716271
1582661532.17059,42.292232,-83.716283
1582661532.17059,42.292232,-83.716283
1582661532.17059,42.292243,-83.716308
1582661532.17059,42.292243,-83.716308
1582661532.17059,42.292257,-83.716329
1582661532.17059,42.292257,-83.716329
1582661532.17059,42.292276,-83.716343
1582661532.17059,42.292287,-83.716348
1582661532.17059,42.292297,-83.716354
1582661532.17059,42.292297,-83.716354
1582661532.17059,42.292322,-83.716379
1582661532.17059,42.292331,-83.716389
1582661532.17059,42.292331,-83.716389
1582661532.17059,42.292348,-83.716410
1582661532.17059,42.292348,-83.716410
1582661532.17059,42.292348,-83.716410
1582661532.17059,42.292377,-83.716454
1582661532.17059,42.292377,-83.716454
1582661532.17059,42.292377,-83.716454
1582661532.17059,42.292377,-83.716454
1582661532.17059,42.292416,-83.716507
1582661532.17059,42.292416,-83.716507
1582661532.17059,42.292416,-83.716507
1582661532.17059,42.292416,-83.716507
1582661532.17059,42.292416,-83.716507
1582661532.17059,42.292416,-83.716507
1582661532.17059,42.292462,-83.716565
1582661532.17059,42.292462,-83.716565
1582661532.17059,42.292469,-83.716574
1582661532.17059,42.292477,-83.716583
1582661532.17059,42.292477,-83.716583
1582661532.17059,42.292477,-83.716583
1582661532.17059,42.292516,-83.716598
1582661532.17059,42.292525,-83.716600
1582661532.17059,42.292535,-83.716603
1582661532.17059,42.292545,-83.716606
1582661532.17059,42.292555,-83.716610
1582661532.17059,42.292555,-83.716610
1582661532.17059,42.292555,-83.716610
1582661532.17059,42.292555,-83.716610
1582661532.17059,42.292555,-83.716610
1582661532.17059,42.292595,-83.716641
1582661532.17059,42.292610,-83.716655
1582661532.17059,42.292616,-83.716657
1582661532.17059,42.292616,-83.716657
1582661532.17059,42.292616,-83.716657
1582661532.17059,42.292616,-83.716657
1582661532.17059,42.292623,-83.716651
1582661532.17059,42.292624,-83.716651
1582661532.17059,42.292624,-83.716651
1582661532.17059,42.292622,-83.716652
1582661532.17059,42.292622,-83.716652
1582661532.17059,42.292622,-83.716652
1582661532.17059,42.292619,-83.716647
1582661532.17059,42.292619,-83.716647
1582661532.17059,42.292619,-83.716647
1582661532.17059,42.292619,-83.716647
1582661532.17059,42.292627,-83.716652
1582661532.17059,42.292627,-83.716652
1582661532.17059,42.292627,-83.716652
1582661532.17059,42.292654,-83.716657
1582661532.17059,42.292654,-83.716657
1582661532.17059,42.292654,-83.716657
1582661532.17059,42.292654,-83.716657
1582661532.17059,42.292654,-83.716657
1582661532.17059,42.292654,-83.716657
1582661532.17059,42.292654,-83.716657
1582661532.17059,42.292654,-83.716657
1582661532.17059,42.292747,-83.716686
1582661532.17059,42.292747,-83.716686
1582661532.17059,42.292763,-83.716696
1582661532.17059,42.292763,-83.716696
1582661532.17059,42.292763,-83.716696
1582661532.17059,42.292763,-83.716696
1582661532.17059,42.292763,-83.716696
1582661532.17059,42.292763,-83.716696
1582661532.17059,42.292763,-83.716696
1582661532.17059,42.292763,-83.716696
1582661532.17059,42.292763,-83.716696
1582661532.17059,42.292813,-83.716742
1582661532.17059,42.292813,-83.716742
1582661532.17059,42.292813,-83.716742
1582661532.17059,42.292818,-83.716744
1582661532.17059,42.292818,-83.716744
1582661532.17059,42.292818,-83.716744
1582661532.17059,42.292818,-83.716744
1582661532.17059,42.292818,-83.716744
1582661532.17059,42.292823,-83.716758
1582661532.17059,42.292823,-83.716758
1582661532.17059,42.292823,-83.716758
1582661532.17059,42.292823,-83.716758
1582661532.17059,42.292823,-83.716758
1582661532.17059,42.292823,-83.716758
1582661532.17059,42.292823,-83.716758
1582661532.17059,42.292823,-83.716758
1582661532.17059,42.292823,-83.716758
1582661532.17059,42.292823,-83.716758
1582661532.17059,42.292823,-83.716758
1582661532.17059,42.292823,-83.716758
1582661532.17059,42.292823,-83.716758
1582661532.17059,42.292852,-83.716779
1582661532.17059,42.292855,-83.716782
1582661532.17059,42.292856,-83.716784
1582661532.17059,42.292857,-83.716784
1582661532.17059,42.292857,-83.716784
1582661532.17059,42.292858,-83.716785
1582661532.17059,42.292861,-83.716786
1582661532.17059,42.292861,-83.716786
1582661532.17059,42.292863,-83.716789
1582661532.17059,42.292867,-83.716790
1582661532.17059,42.292870,-83.716790
1582661532.17059,42.292870,-83.716790
1582661532.17059,42.292870,-83.716790
1582661532.17059,42.292870,-83.716790
1582661532.17059,42.292870,-83.716790
1582661532.17059,42.292870,-83.716790
1582661532.17059,42.292870,-83.716790
1582661532.17059,42.292870,-83.716790
1582661532.17059,42.292870,-83.716790
1582661532.17059,42.292870,-83.716790
1582661532.17059,42.292912,-83.716793
1582661532.17059,42.292912,-83.716793
1582661532.17059,42.292912,-83.716793
1582661532.17059,42.292912,-83.716793
1582661532.17059,42.292912,-83.716793
1582661532.17059,42.292912,-83.716793
1582661532.17059,42.292912,-83.716793
1582661532.17059,42.292912,-83.716793
1582661532.17059,42.292912,-83.716793
1582661532.17059,42.292912,-83.716793
1582661532.17059,42.292912,-83.716793
1582661532.17059,42.292912,-83.716793
1582661532.17059,42.292912,-83.716793
1582661532.17059,42.292912,-83.716793
1582661532.17059,42.292912,-83.716793
1582661532.17059,42.292986,-83.716805
1582661532.17059,42.292986,-83.716805
1582661532.17059,42.292993,-83.716808
1582661532.17059,42.292993,-83.716808
1582661532.17059,42.292993,-83.716808
1582661532.17059,42.292993,-83.716808
1582661532.17059,42.292993,-83.716808
1582661532.17059,42.292993,-83.716808
1582661532.17059,42.292993,-83.716808
1582661532.17059,42.292993,-83.716808
1582661532.17059,42.292993,-83.716808
1582661532.17059,42.292993,-83.716808
1582661532.17059,42.292993,-83.716808
1582661532.17059,42.292993,-83.716808
1582661532.17059,42.292993,-83.716808
1582661532.17059,42.292993,-83.716808
1582661532.17059,42.292993,-83.716808
1582661532.17059,42.292993,-83.716808
1582661532.17059,42.293105,-83.716847
1582661532.17059,42.293121,-83.716854
1582661532.17059,42.293121,-83.716854
1582661532.17059,42.293121,-83.716854
1582661532.17059,42.293121,-83.716854
1582661532.17059,42.293121,-83.716854
1582661532.17059,42.293163,-83.716881
1582661532.17059,42.293163,-83.716881
1582661532.17059,42.293163,-83.716881
1582661532.17059,42.293163,-83.716881
1582661532.17059,42.293204,-83.716893
1582661532.17059,42.293204,-83.716893
1582661532.17059,42.293204,-83.716893
1582661532.17059,42.293204,-83.716893
1582661532.17059,42.293204,-83.716893
1582661532.17059,42.293204,-83.716893
1582661532.17059,42.293204,-83.716893
1582661532.17059,42.293204,-83.716893
1582661532.17059,42.293254,-83.716868
1582661532.17059,42.293254,-83.716868
1582661532.17059,42.293254,-83.716868
1582661532.17059,42.293254,-83.716868
1582661532.17059,42.293254,-83.716868
1582661532.17059,42.293310,-83.716891
1582661532.17059,42.293310,-83.716891
1582661532.17059,42.293310,-83.716891
1582661532.17059,42.293344,-83.716893
1582661532.17059,42.293344,-83.716893
1582661532.17059,42.293376,-83.716897
1582661532.17059,42.293388,-83.716898
1582661532.17059,42.293388,-83.716898
1582661532.17059,42.293388,-83.716898
1582661532.17059,42.293388,-83.716898
1582661532.17059,42.293446,-83.716903
1582661532.17059,42.293446,-83.716903
1582661532.17059,42.293446,-83.716903
1582661532.17059,42.293446,-83.716903
1582661532.17059,42.293446,-83.716903
1582661532.17059,42.293499,-83.716903
1582661532.17059,42.293499,-83.716903
1582661532.17059,42.293499,-83.716903
1582661532.17059,42.293518,-83.716875
1582661532.17059,42.293518,-83.716875
1582661532.17059,42.293518,-83.716875
1582661532.17059,42.293518,-83.716875
1582661532.17059,42.293518,-83.716875
1582661532.17059,42.293528,-83.716793
1582661532.17059,42.293528,-83.716793
1582661532.17059,42.293528,-83.716793
1582661532.17059,42.293528,-83.716793
1582661532.17059,42.293528,-83.716793
1582661532.17059,42.293528,-83.716793
1582661532.17059,42.293528,-83.716793
1582661532.17059,42.293528,-83.716793
1582661532.17059,42.293528,-83.716793
1582661532.17059,42.293528,-83.716793
1582661532.17059,42.293528,-83.716793
1582661532.17059,42.293528,-83.716793
1582661532.17059,42.293521,-83.716694
1582661532.17059,42.293520,-83.716688
1582661532.17059,42.293520,-83.716688
1582661532.17059,42.293520,-83.716688
1582661532.17059,42.293520,-83.716688
1582661532.17059,42.293520,-83.716688
1582661532.17059,42.293521,-83.716656
1582661532.17059,42.293521,-83.716656
1582661532.17059,42.293521,-83.716656
1582661532.17059,42.293521,-83.716656
1582661532.17059,42.293521,-83.716656
1582661532.17059,42.293521,-83.716656
1582661532.17059,42.293526,-83.716619
1582661532.17059,42.293526,-83.716619
1582661532.17059,42.293526,-83.716619
1582661532.17059,42.293526,-83.716619
1582661532.17059,42.293526,-83.716619
1582661532.17059,42.293526,-83.716619
1582661532.17059,42.293526,-83.716619
1582661532.17059,42.293526,-83.716619
1582661532.17059,42.293526,-83.716619
1582661532.17059,42.293628,-83.716575
1582661532.17059,42.293638,-83.716569
1582661532.17059,42.293651,-83.716545
1582661532.17059,42.293651,-83.716545
1582661532.17059,42.293657,-83.716532
1582661532.17059,42.293657,-83.716532
1582661532.17059,42.293673,-83.716511
1582661532.17059,42.293673,-83.716511
1582661532.17059,42.293691,-83.716497
1582661532.17059,42.293691,-83.716497
1582661532.17059,42.293719,-83.716481
1582661532.17059,42.293719,-83.716481
1582661532.17059,42.293719,-83.716481
1582661532.17059,42.293719,-83.716481
1582661532.17059,42.293719,-83.716481
1582661532.17059,42.293736,-83.716414
1582661532.17059,42.293736,-83.716414
1582661532.17059,42.293736,-83.716387
1582661532.17059,42.293736,-83.716387
1582661532.17059,42.293734,-83.716362
1582661532.17059,42.293734,-83.716347
1582661532.17059,42.293734,-83.716347
1582661532.17059,42.293734,-83.716347
1582661532.17059,42.293734,-83.716347
1582661532.17059,42.293734,-83.716347
1582661532.17059,42.293734,-83.716347
1582661532.17059,42.293734,-83.716347
1582661532.17059,42.293734,-83.716347
1582661532.17059,42.293734,-83.716347
1582661532.17059,42.293721,-83.716225
1582661532.17059,42.293721,-83.716225
1582661532.17059,42.293721,-83.716225
1582661532.17059,42.293721,-83.716225
1582661532.17059,42.293721,-83.716225
1582661532.17059,42.293721,-83.716225
1582661532.17059,42.293655,-83.716213
1582661532.17059,42.293655,-83.716213
1582661532.17059,42.293655,-83.716213
1582661532.17059,42.293607,-83.716220
1582661532.17059,42.293607,-83.716220
1582661532.17059,42.293607,-83.716220
1582661532.17059,42.293607,-83.716220
1582661532.17059,42.293607,-83.716220
1582661532.17059,42.293607,-83.716220
1582661532.17059,42.293607,-83.716220
1582661532.17059,42.293607,-83.716220
1582661532.17059,42.293607,-83.716220
1582661532.17059,42.293607,-83.716220
1582661532.17059,42.293607,-83.716220
1582661532.17059,42.293607,-83.716220
1582661532.17059,42.293607,-83.716220
1582661532.17059,42.293577,-83.716395
1582661532.17059,42.293577,-83.716395
1582661532.17059,42.293578,-83.716428
1582661532.17059,42.293578,-83.716428
1582661532.17059,42.293578,-83.716428
1582661532.17059,42.293578,-83.716428
1582661532.17059,42.293578,-83.716428
1582661532.17059,42.293578,-83.716428
1582661532.17059,42.293578,-83.716428
1582661532.17059,42.293626,-83.716517
1582661532.17059,42.293626,-83.716517
1582661532.17059,42.293647,-83.716526
1582661532.17059,42.293647,-83.716526
1582661532.17059,42.293647,-83.716526
1582661532.17059,42.293647,-83.716526
1582661532.17059,42.293687,-83.716525
1582661532.17059,42.293687,-83.716525
1582661532.17059,42.293713,-83.716510
1582661532.17059,42.293713,-83.716510
1582661532.17059,42.293713,-83.716510
1582661532.17059,42.293730,-83.716476
1582661532.17059,42.293730,-83.716476
1582661532.17059,42.293730,-83.716476
1582661532.17059,42.293740,-83.716433
1582661532.17059,42.293740,-83.716433
1582661532.17059,42.293740,-83.716433
1582661532.17059,42.293740,-83.716433
1582661532.17059,42.293740,-83.716433
1582661532.17059,42.293740,-83.716433
1582661532.17059,42.293743,-83.716329
1582661532.17059,42.293743,-83.716329
1582661532.17059,42.293743,-83.716329
1582661532.17059,42.293743,-83.716329
1582661532.17059,42.293743,-83.716329
1582661532.17059,42.293740,-83.716257
1582661532.17059,42.293740,-83.716257
1582661532.17059,42.293740,-83.716257
1582661532.17059,42.293740,-83.716257
1582661532.17059,42.293740,-83.716257
1582661532.17059,42.293740,-83.716257
1582661532.17059,42.293740,-83.716257
1582661532.17059,42.293740,-83.716257
1582661532.17059,42.293740,-83.716257
1582661532.17059,42.293740,-83.716257
1582661532.17059,42.293740,-83.716257
1582661532.17059,42.293740,-83.716257
1582661532.17059,42.293740,-83.716257
1582661532.17059,42.293877,-83.716214
1582661532.17059,42.293877,-83.716214
1582661532.17059,42.293877,-83.716214
1582661532.17059,42.293919,-83.716211
1582661532.17059,42.293919,-83.716211
1582661532.17059,42.293919,-83.716211
1582661532.17059,42.293936,-83.716189
1582661532.17059,42.293937,-83.716177
1582661532.17059,42.293937,-83.716177
1582661532.17059,42.293937,-83.716177
1582661532.17059,42.293937,-83.716177
1582661532.17059,42.293937,-83.716177
1582661532.17059,42.293937,-83.716177
1582661532.17059,42.293939,-83.716087
1582661532.17059,42.293939,-83.716087
1582661532.17059,42.293939,-83.716087
1582661532.17059,42.293938,-83.716028
1582661532.17059,42.293938,-83.716028
1582661532.17059,42.293938,-83.716028
1582661532.17059,42.293938,-83.715986
1582661532.17059,42.293938,-83.715986
1582661532.17059,42.293938,-83.715986
1582661532.17059,42.293936,-83.715944
1582661532.17059,42.293936,-83.715944
1582661532.17059,42.293936,-83.715944
1582661532.17059,42.293936,-83.715944
1582661532.17059,42.293936,-83.715944
1582661532.17059,42.293936,-83.715944
1582661532.17059,42.293936,-83.715944
1582661532.17059,42.293936,-83.715944
1582661532.17059,42.293935,-83.715829
1582661532.17059,42.293935,-83.715829
1582661532.17059,42.293935,-83.715829
1582661532.17059,42.293935,-83.715829
1582661532.17059,42.293935,-83.715829
1582661532.17059,42.293935,-83.715829
1582661532.17059,42.293930,-83.715737
1582661532.17059,42.293930,-83.715737
1582661532.17059,42.293931,-83.715694
1582661532.17059,42.293931,-83.715694
1582661532.17059,42.293931,-83.715679
1582661532.17059,42.293931,-83.715679
1582661532.17059,42.293927,-83.715649
1582661532.17059,42.293927,-83.715649
1582661532.17059,42.293926,-83.715606
1582661532.17059,42.293926,-83.715606
1582661532.17059,42.293927,-83.715574
1582661532.17059,42.293927,-83.715574
1582661532.17059,42.293928,-83.715542
1582661532.17059,42.293928,-83.715542
1582661532.17059,42.293928,-83.715542
1582661532.17059,42.293928,-83.715542
1582661532.17059,42.293928,-83.715542
1582661532.17059,42.293928,-83.715542
1582661532.17059,42.293931,-83.715434
1582661532.17059,42.293929,-83.715420
1582661532.17059,42.293928,-83.715405
1582661532.17059,42.293928,-83.715405
1582661532.17059,42.293925,-83.715360
1582661532.17059,42.293925,-83.715360
1582661532.17059,42.293925,-83.715360
1582661532.17059,42.293929,-83.715310
1582661532.17059,42.293929,-83.715310
1582661532.17059,42.293929,-83.715310
1582661532.17059,42.293931,-83.715268
1582661532.17059,42.293931,-83.715268
1582661532.17059,42.293931,-83.715268
1582661532.17059,42.293931,-83.715268
1582661532.17059,42.293931,-83.715268
1582661532.17059,42.293931,-83.715268
1582661532.17059,42.293933,-83.715165
1582661532.17059,42.293931,-83.715133
1582661532.17059,42.293931,-83.715133
1582661532.17059,42.293931,-83.715133
1582661532.17059,42.293931,-83.715133
1582661532.17059,42.293931,-83.715133
1582661532.17059,42.293930,-83.715058
1582661532.17059,42.293931,-83.715042
1582661532.17059,42.293931,-83.715042
1582661532.17059,42.293931,-83.715042
1582661532.17059,42.293931,-83.715042
1582661532.17059,42.293931,-83.715042
1582661532.17059,42.293931,-83.715042
1582661532.17059,42.293931,-83.715042
1582661532.17059,42.293931,-83.714943
1582661532.17059,42.293931,-83.714943
1582661532.17059,42.293931,-83.714943
1582661532.17059,42.293934,-83.714902
1582661532.17059,42.293934,-83.714888
1582661532.17059,42.293934,-83.714888
1582661532.17059,42.293935,-83.714857
1582661532.17059,42.293935,-83.714857
1582661532.17059,42.293935,-83.714857
1582661532.17059,42.293935,-83.714857
1582661532.17059,42.293931,-83.714782
1582661532.17059,42.293931,-83.714782
1582661532.17059,42.293931,-83.714782
1582661532.17059,42.293931,-83.714782
1582661532.17059,42.293932,-83.714723
1582661532.17059,42.293931,-83.714708
1582661532.17059,42.293931,-83.714708
1582661532.17059,42.293931,-83.714708
1582661532.17059,42.293931,-83.714708
1582661532.17059,42.293934,-83.714626
1582661532.17059,42.293934,-83.714626
1582661532.17059,42.293934,-83.714626
1582661532.17059,42.293934,-83.714626
1582661532.17059,42.293934,-83.714626
1582661532.17059,42.293938,-83.714548
1582661532.17059,42.293938,-83.714548
1582661532.17059,42.293938,-83.714515
1582661532.17059,42.293938,-83.714515
1582661532.17059,42.293937,-83.714486
1582661532.17059,42.293937,-83.714486
1582661532.17059,42.293937,-83.714486
1582661532.17059,42.293937,-83.714486
1582661532.17059,42.293932,-83.714419
1582661532.17059,42.293932,-83.714419
1582661532.17059,42.293933,-83.714372
1582661532.17059,42.293933,-83.714372
1582661532.17059,42.293933,-83.714372
1582661532.17059,42.293933,-83.714324
1582661532.17059,42.293933,-83.714292
1582661532.17059,42.293932,-83.714276
1582661532.17059,42.293932,-83.714276
1582661532.17059,42.293932,-83.714276
1582661532.17059,42.293932,-83.714276
1582661532.17059,42.293937,-83.714212
1582661532.17059,42.293937,-83.714212
1582661532.17059,42.293938,-83.714196
1582661532.17059,42.293936,-83.714162
1582661532.17059,42.293938,-83.714132
1582661532.17059,42.293940,-83.714112
1582661532.17059,42.293940,-83.714096
1582661532.17059,42.293940,-83.714096
1582661532.17059,42.293938,-83.714064
1582661532.17059,42.293938,-83.714064
1582661532.17059,42.293937,-83.714031
1582661532.17059,42.293936,-83.714016
1582661532.17059,42.293936,-83.714016
1582661532.17059,42.293933,-83.713986
1582661532.17059,42.293933,-83.713986
1582661532.17059,42.293932,-83.713971
1582661532.17059,42.293931,-83.713957
1582661532.17059,42.293931,-83.713957
1582661532.17059,42.293933,-83.713926
1582661532.17059,42.293933,-83.713926
1582661532.17059,42.293933,-83.713926
1582661532.17059,42.293933,-83.713926
1582661532.17059,42.293939,-83.713847
1582661532.17059,42.293939,-83.713847
1582661532.17059,42.293937,-83.713816
1582661532.17059,42.293937,-83.713801
1582661532.17059,42.293934,-83.713755
1582661532.17059,42.293934,-83.713755
1582661532.17059,42.293934,-83.713755
1582661532.17059,42.293934,-83.713755
1582661532.17059,42.293937,-83.713690
1582661532.17059,42.293937,-83.713674
1582661532.17059,42.293938,-83.713657
1582661532.17059,42.293938,-83.713640
1582661532.17059,42.293938,-83.713623
1582661532.17059,42.293938,-83.713623
1582661532.17059,42.293938,-83.713623
1582661532.17059,42.293938,-83.713623
1582661532.17059,42.293938,-83.713623
1582661532.17059,42.293940,-83.713542
1582661532.17059,42.293938,-83.713511
1582661532.17059,42.293938,-83.713511
1582661532.17059,42.293938,-83.713511
1582661532.17059,42.293938,-83.713511
1582661532.17059,42.293938,-83.713511
1582661532.17059,42.293940,-83.713452
1582661532.17059,42.293940,-83.713452
1582661532.17059,42.293940,-83.713452
1582661532.17059,42.293940,-83.713452
1582661532.17059,42.293940,-83.713452
1582661532.17059,42.293940,-83.713371
1582661532.17059,42.293941,-83.713339
1582661532.17059,42.293942,-83.713323
1582661532.17059,42.293942,-83.713323
1582661532.17059,42.293942,-83.713323
1582661532.17059,42.293942,-83.713323
1582661532.17059,42.293942,-83.713323
1582661532.17059,42.293942,-83.713323
1582661532.17059,42.293942,-83.713210
1582661532.17059,42.293942,-83.713210
1582661532.17059,42.293942,-83.713210
1582661532.17059,42.293938,-83.713164
1582661532.17059,42.293938,-83.713149
1582661532.17059,42.293938,-83.713149
1582661532.17059,42.293938,-83.713149
1582661532.17059,42.293938,-83.713149
1582661532.17059,42.293941,-83.713088
1582661532.17059,42.293941,-83.713088
1582661532.17059,42.293941,-83.713088
1582661532.17059,42.293941,-83.713088
1582661532.17059,42.293942,-83.713026
1582661532.17059,42.293942,-83.713010
1582661532.17059,42.293943,-83.712995
1582661532.17059,42.293943,-83.712995
1582661532.17059,42.293940,-83.712966
1582661532.17059,42.293941,-83.712935
1582661532.17059,42.293942,-83.712919
1582661532.17059,42.293941,-83.712903
1582661532.17059,42.293940,-83.712888
1582661532.17059,42.293940,-83.712888
1582661532.17059,42.293939,-83.712859
1582661532.17059,42.293942,-83.712828
1582661532.17059,42.293942,-83.712828
1582661532.17059,42.293943,-83.712814
1582661532.17059,42.293943,-83.712814
1582661532.17059,42.293943,-83.712814
1582661532.17059,42.293943,-83.712814
1582661532.17059,42.293958,-83.712752
1582661532.17059,42.293958,-83.712752
1582661532.17059,42.293984,-83.712729
1582661532.17059,42.293984,-83.712729
1582661532.17059,42.293984,-83.712729
1582661532.17059,42.293984,-83.712729
1582661532.17059,42.294026,-83.712701
1582661532.17059,42.294037,-83.712695
1582661532.17059,42.294049,-83.712689
1582661532.17059,42.294072,-83.712677
1582661532.17059,42.294081,-83.712673
1582661532.17059,42.294091,-83.712668
1582661532.17059,42.294091,-83.712668
1582661532.17059,42.294110,-83.712656
1582661532.17059,42.294110,-83.712656
1582661532.17059,42.294129,-83.712644
1582661532.17059,42.294138,-83.712637
1582661532.17059,42.294156,-83.712623
1582661532.17059,42.294166,-83.712616
1582661532.17059,42.294166,-83.712616
1582661532.17059,42.294189,-83.712599
1582661532.17059,42.294189,-83.712599
1582661532.17059,42.294189,-83.712599
1582661532.17059,42.294220,-83.712580
1582661532.17059,42.294220,-83.712580
1582661532.17059,42.294240,-83.712567
1582661532.17059,42.294240,-83.712567
1582661532.17059,42.294258,-83.712555
1582661532.17059,42.294266,-83.712548
1582661532.17059,42.294277,-83.712543
1582661532.17059,42.294277,-83.712543
1582661532.17059,42.294309,-83.712529
1582661532.17059,42.294309,-83.712529
1582661532.17059,42.294327,-83.712516
1582661532.17059,42.294327,-83.712516
1582661532.17059,42.294327,-83.712516
1582661532.17059,42.294354,-83.712496
1582661532.17059,42.294363,-83.712488
1582661532.17059,42.294371,-83.712478
1582661532.17059,42.294379,-83.712466
1582661532.17059,42.294386,-83.712455
1582661532.17059,42.294386,-83.712455
1582661532.17059,42.294395,-83.712428
1582661532.17059,42.294395,-83.712428
1582661532.17059,42.294395,-83.712428
1582661532.17059,42.294395,-83.712428
1582661532.17059,42.294400,-83.712349
1582661532.17059,42.294400,-83.712349
1582661532.17059,42.294400,-83.712349
1582661532.17059,42.294400,-83.712349
1582661532.17059,42.294411,-83.712290
1582661532.17059,42.294414,-83.712280
1582661532.17059,42.294414,-83.712280
1582661532.17059,42.294414,-83.712280
1582661532.17059,42.294414,-83.712280
1582661532.17059,42.294420,-83.712222
1582661532.17059,42.294420,-83.712222
1582661532.17059,42.294421,-83.712201
1582661532.17059,42.294421,-83.712201
1582661532.17059,42.294421,-83.712201
1582661532.17059,42.294420,-83.712140
1582661532.17059,42.294420,-83.712140
1582661532.17059,42.294416,-83.712119
1582661532.17059,42.294416,-83.712119
1582661532.17059,42.294412,-83.712100
1582661532.17059,42.294412,-83.712100
1582661532.17059,42.294412,-83.712100
1582661532.17059,42.294412,-83.712100
1582661532.17059,42.294405,-83.712079
1582661532.17059,42.294403,-83.712074
1582661532.17059,42.294403,-83.712074
1582661532.17059,42.294403,-83.712074
1582661532.17059,42.294403,-83.712074
1582661532.17059,42.294403,-83.712074
1582661532.17059,42.294403,-83.712074
1582661532.17059,42.294398,-83.712109
1582661532.17059,42.294401,-83.712126
1582661532.17059,42.294399,-83.712138
1582661532.17059,42.294398,-83.712146
1582661532.17059,42.294398,-83.712146
1582661532.17059,42.294385,-83.712175
1582661532.17059,42.294384,-83.712169
1582661532.17059,42.294384,-83.712169
1582661532.17059,42.294384,-83.712169
1582661532.17059,42.294384,-83.712169
1582661532.17059,42.294380,-83.712177
1582661532.17059,42.294380,-83.712177
1582661532.17059,42.294378,-83.712186
1582661532.17059,42.294378,-83.712186
1582661532.17059,42.294378,-83.712186
1582661532.17059,42.294378,-83.712186
1582661532.17059,42.294307,-83.712217
1582661532.17059,42.294307,-83.712217
1582661532.17059,42.294307,-83.712217
1582661532.17059,42.294293,-83.712251
1582661532.17059,42.294293,-83.712251
1582661532.17059,42.294293,-83.712251
1582661532.17059,42.294292,-83.712176
1582661532.17059,42.294292,-83.712176
1582661532.17059,42.294292,-83.712176
1582661532.17059,42.294283,-83.712137
1582661532.17059,42.294283,-83.712137
1582661532.17059,42.294262,-83.712106
1582661532.17059,42.294260,-83.712055
1582661532.17059,42.294260,-83.712055
1582661532.17059,42.294236,-83.712091
1582661532.17059,42.294236,-83.712091
1582661532.17059,42.294236,-83.712091
1582661532.17059,42.294236,-83.712091
1582661532.17059,42.294236,-83.712091
1582661532.17059,42.294311,-83.712119
1582661532.17059,42.294337,-83.712133
1582661532.17059,42.294337,-83.712133
1582661532.17059,42.294337,-83.712133
1582661532.17059,42.294336,-83.712176
1582661532.17059,42.294336,-83.712176
1582661532.17059,42.294392,-83.712208
1582661532.17059,42.294392,-83.712208
1582661532.17059,42.294429,-83.712177
1582661532.17059,42.294429,-83.712177
1582661532.17059,42.294429,-83.712177
1582661532.17059,42.294429,-83.712177
1582661532.17059,42.294429,-83.712177
1582661532.17059,42.294429,-83.712177
1582661532.17059,42.294429,-83.712177
1582661532.17059,42.294557,-83.712207
1582661532.17059,42.294600,-83.712177
1582661532.17059,42.294606,-83.712170
1582661532.17059,42.294606,-83.712170
1582661532.17059,42.294606,-83.712170
1582661532.17059,42.294606,-83.712170
1582661532.17059,42.294606,-83.712170
1582661532.17059,42.294606,-83.712170
1582661532.17059,42.294514,-83.712060
1582661532.17059,42.294490,-83.712043
1582661532.17059,42.294490,-83.712043
1582661532.17059,42.294490,-83.712043
1582661532.17059,42.294490,-83.712043
1582661532.17059,42.294490,-83.712043
1582661532.17059,42.294490,-83.712043
1582661532.17059,42.294490,-83.712043
1582661532.17059,42.294570,-83.711899
1582661532.17059,42.294576,-83.711804
1582661532.17059,42.294578,-83.711775
1582661532.17059,42.294578,-83.711775
1582661532.17059,42.294578,-83.711775
1582661532.17059,42.294578,-83.711775
1582661532.17059,42.294553,-83.711701
1582661532.17059,42.294553,-83.711701
1582661532.17059,42.294554,-83.711685
1582661532.17059,42.294554,-83.711685
1582661532.17059,42.294535,-83.711638
1582661532.17059,42.294537,-83.711636
1582661532.17059,42.294536,-83.711639
1582661532.17059,42.294538,-83.711643
1582661532.17059,42.294534,-83.711661
1582661532.17059,42.294534,-83.711672
1582661532.17059,42.294534,-83.711672
1582661532.17059,42.294527,-83.711679
1582661532.17059,42.294523,-83.711684
1582661532.17059,42.294528,-83.711692
1582661532.17059,42.294523,-83.711697
1582661532.17059,42.294504,-83.711717
1582661532.17059,42.294485,-83.711719
1582661532.17059,42.294491,-83.711721
1582661532.17059,42.294479,-83.711735
1582661532.17059,42.294479,-83.711735
1582661532.17059,42.294453,-83.711747
1582661532.17059,42.294439,-83.711758
1582661532.17059,42.294404,-83.711726
1582661532.17059,42.294404,-83.711726
1582661532.17059,42.294392,-83.711723
1582661532.17059,42.294341,-83.711641
1582661532.17059,42.294341,-83.711641
1582661532.17059,42.294261,-83.711589
1582661532.17059,42.294261,-83.711589
1582661532.17059,42.294261,-83.711589
1582661532.17059,42.294261,-83.711589
1582661532.17059,42.294261,-83.711589
1582661532.17059,42.294261,-83.711589
1582661532.17059,42.294261,-83.711589
1582661532.17059,42.294179,-83.711409
1582661532.17059,42.294169,-83.711342
1582661532.17059,42.294169,-83.711342
1582661532.17059,42.294169,-83.711342
1582661532.17059,42.294169,-83.711342
1582661532.17059,42.294182,-83.711182
1582661532.17059,42.294247,-83.711194
1582661532.17059,42.294240,-83.711143
1582661532.17059,42.294240,-83.711143
1582661532.17059,42.294252,-83.711288
1582661532.17059,42.294252,-83.711288
1582661532.17059,42.294252,-83.711288
1582661532.17059,42.294599,-83.711427
1582661532.17059,42.294599,-83.711427
1582661532.17059,42.294599,-83.711427
1582661532.17059,42.294599,-83.711427
1582661532.17059,42.294599,-83.711427
1582661532.17059,42.295293,-83.711662
1582661532.17059,42.295293,-83.711662
1582661532.17059,42.295293,-83.711662
1582661532.17059,42.295293,-83.711662
1582661532.17059,42.295293,-83.711662
1582661532.17059,42.295248,-83.711294
1582661532.17059,42.295248,-83.711294
1582661532.17059,42.295248,-83.711294
1582661532.17059,42.295248,-83.711294
1582661532.17059,42.295248,-83.711294
1582661532.17059,42.295248,-83.711294
1582661532.17059,42.294380,-83.711301
1582661532.17059,42.294343,-83.711306
1582661532.17059,42.294252,-83.711291
1582661532.17059,42.294252,-83.711291
1582661532.17059,42.294252,-83.711291
1582661532.17059,42.294215,-83.711276
1582661532.17059,42.294215,-83.711276
1582661532.17059,42.294173,-83.711242
1582661532.17059,42.294173,-83.711242
1582661532.17059,42.294173,-83.711242
1582661532.17059,42.294173,-83.711242
1582661532.17059,42.294173,-83.711242
1582661532.17059,42.294173,-83.711242
1582661532.17059,42.294173,-83.711242
1582661532.17059,42.294173,-83.711242
1582661532.17059,42.294173,-83.711242
1582661532.17059,42.294172,-83.711167
1582661532.17059,42.294172,-83.711167
1582661532.17059,42.294172,-83.711167
1582661532.17059,42.294172,-83.711167
1582661532.17059,42.294161,-83.711111
1582661532.17059,42.294161,-83.711111
1582661532.17059,42.294161,-83.711111
1582661532.17059,42.294148,-83.711064
1582661532.17059,42.294148,-83.711064
1582661532.17059,42.294148,-83.711049
1582661532.17059,42.294148,-83.711049
1582661532.17059,42.294148,-83.711049
1582661532.17059,42.294148,-83.711049
1582661532.17059,42.294148,-83.711049
1582661532.17059,42.294148,-83.711049
1582661532.17059,42.294189,-83.711029
1582661532.17059,42.294189,-83.711029
1582661532.17059,42.294189,-83.711029
1582661532.17059,42.294189,-83.711029
1582661532.17059,42.294189,-83.711029
1582661532.17059,42.294189,-83.711029
1582661532.17059,42.294268,-83.711029
1582661532.17059,42.294268,-83.711029
1582661532.17059,42.294268,-83.711029
1582661532.17059,42.294268,-83.711029
1582661532.17059,42.294268,-83.711029
1582661532.17059,42.294288,-83.711018
1582661532.17059,42.294288,-83.711018
1582661532.17059,42.294288,-83.711018
1582661532.17059,42.294237,-83.711043
1582661532.17059,42.294237,-83.711043
1582661532.17059,42.294237,-83.711043
1582661532.17059,42.294237,-83.711043
